{"manifestVersion":"1.1","info":{"id":"TanzuForVS.ff7b6f3e-0410-4ff9-a40a-a719ee9da901,version=1.0","manifestType":"Extension"},"packages":[{"id":"Component.TanzuForVS.ff7b6f3e-0410-4ff9-a40a-a719ee9da901","version":"1.0","type":"Component","extension":true,"dependencies":{"TanzuForVS.ff7b6f3e-0410-4ff9-a40a-a719ee9da901":"1.0","Microsoft.VisualStudio.Component.CoreEditor":"[16.0,17.0)"},"localizedResources":[{"language":"en-US","title":"TanzuForVS","description":"Empty VSIX Project."}]},{"id":"TanzuForVS.ff7b6f3e-0410-4ff9-a40a-a719ee9da901","version":"1.0","type":"Vsix","payloads":[{"fileName":"TanzuForVS.vsix","size":409710}],"vsixId":"TanzuForVS.ff7b6f3e-0410-4ff9-a40a-a719ee9da901","extensionDir":"[installdir]\\Common7\\IDE\\Extensions\\3yeqs5xp.5qr","installSizes":{"targetDrive":402649}}]}